,classifer_name,accuracy,precision,recall
0,LogisticRegression,0.8845434449923483,0.6470588235294118,0.3535228677379481
1,RandomForestClassifier,0.8853936405373236,0.7922077922077922,0.22620519159456118
2,AdaBoostClassifier,0.8859037578643087,0.7065868263473054,0.29171817058096416
3,GradientBoostingClassifier,0.8893045400442102,0.6889952153110048,0.35599505562422745
4,XGBClassifier,0.8903247746981806,0.716931216931217,0.33498145859085293
