,classifer_name,accuracy,precision,recall
0,LogisticRegression,0.8860737969733039,0.739247311827957,0.3242924528301887
1,RandomForestClassifier,0.8802924672674716,0.8529411764705882,0.20518867924528303
2,AdaBoostClassifier,0.8848835232103384,0.8745583339478157,0.8848835232103384
3,GradientBoostingClassifier,0.8876041489542594,0.7210401891252955,0.3596698113207547
4,XGBClassifier,0.8886243836082299,0.7406483790523691,0.35023584905660377
