,classifer_name,accuracy,precision,recall
0,LogisticRegression,0.8869239925182792,0.7267605633802817,0.31234866828087166
1,RandomForestClassifier,0.884033327665363,0.8428571428571429,0.21428571428571427
2,AdaBoostClassifier,0.884033327665363,0.7337662337662337,0.2736077481840194
3,GradientBoostingClassifier,0.888794422717225,0.7287234042553191,0.33171912832929784
4,XGBClassifier,0.8899846964801904,0.7655786350148368,0.31234866828087166
