,classifer_name,accuracy,precision,recall
0,LogisticRegression,0.8842033667743581,0.726063829787234,0.3207990599294947
1,RandomForestClassifier,0.8804625063764666,0.8425925925925926,0.21386603995299647
2,AdaBoostClassifier,0.8848835232103384,0.7843137254901961,0.282021151586369
3,GradientBoostingClassifier,0.8891345009352151,0.7297921478060047,0.37132784958871917
4,XGBClassifier,0.8898146573711954,0.7469586374695864,0.3607520564042303
