,accuracy,f1_score,precision,recall
0,0.7985036558408434,0.5089100704517199,0.3868935097668557,0.7433414043583535
