,accuracy,precision,specificity
0,0.7981635776228533,0.39524421593830333,0.8125498007968127
