,accuracy,f1_score,precision,recall
0,0.8896446182622003,0.48121502797761784,0.7525,0.3537015276145711
