,accuracy,precision,specificity
0,0.800204046930794,0.3992297817715019,0.8135458167330677
