,accuracy,precision,specificity
0,0.881482741030437,0.8187323943661971,0.9980478087649402
