,accuracy,f1_score,precision,recall
0,0.8882843053902397,0.47228915662650606,0.7405541561712846,0.3466981132075472
