,accuracy,f1_score,precision,recall
0,0.8933854786600918,0.4699915469146238,0.7258485639686684,0.3475
