,accuracy,f1_score,precision,recall
0,0.7918721305900357,0.5072463768115942,0.37997587454764775,0.7627118644067796
