,accuracy,precision,specificity
0,0.881482741030437,0.7887323943661971,0.9880478087649402
