,accuracy,f1_score,precision,recall
0,0.891345009352151,0.47493837304847986,0.7083333333333334,0.3572311495673671
